Scientific.Name,Common.Name,
Abies bracteata ,bristlecone fir,
Acanthoscyphus parishii var. abramsii ,Abrams' oxytheca,
Agrostis hooveri ,Hoover's bentgrass,
Allium hickmanii ,Hickman's onion, 
Allium howellii var. clokeyi ,Mt. Pinos onion,
Arctostaphylos cruzensis ,Arroyo de la Cruz manzanita,
Arctostaphylos edmundsii ,Little Sur manzanita,
Arctostaphylos hooveri ,Hoover's manzanita,
Arctostaphylos luciana ,Santa Lucia manzanita,
Arctostaphylos obispoensis ,Bishop manzanita,
Arctostaphylos pilosula ,Santa Margarita manzanita,
Arctostaphylos refugioensis ,Refugio manzanita,
Baccharis plummerae ssp. glabrata ,San Simeon baccharis,
Bloomeria humilis ,dwarf goldenstar,
Calochortus clarvatus var. clavatus ,club-haired mariposa-lily,
Calochortus clavatus var. gracilis ,slender mariposa-lily,
Calochortus fimbriatus ,late-flowered mariposa-lily,
Calochortus obispoensis ,San Luis mariposa-lily,
Calochortus palmeri var. palmeri ,Palmer's mariposa-lily,
Calochortus simulans ,La Panza mariposa-lily,
Calycadenia micrantha ,small-flowered calycadenia,
Calycadenia villosa ,dwarf calycadenia,
Camissoniopsis hardhamiae ,Hardham's evening-primrose,
Carex obispoensis ,San Luis Obispo sedge,
Carlquista muirii ,Muir's tarplant,
Castilleja plagiotoma ,Mojave paintbrush,
Caulanthus amplexicaulis var. barbarae ,Santa Barbara jewel-flower,
Caulanthus lemmonii ,Lemmon's jewel-flower,
Chlorogalum pomeridianum var. minus ,dwarf soaproot,
Chorizanthe blakleyi ,Blakley's spineflower,
Chorizanthe breweri ,Brewer's spineflower,
Chorizanthe parryi var. fernandina ,San Fernando Valley spineflower,
Chorizanthe rectispina ,straight-awned spineflower,
Cladium californica ,California saw-grass,
Clarkia jolonensis ,Jolon clarkia,
Dacrophyllum falcifolium ,tear drop moss,
Delphinium hutchinsoniae ,Hutchinson's larkspur,
Delphinium parryi ssp. purpureum ,Mt. Pinos larkspur,
Delphinium umbraculorum ,umbrella larkspur, 
Eriastrum luteum ,yellow-flowered eriastrum,
Eriogonum butterworthianum ,Butterworth's buckwheat,
Eriogonum kennedyi var. alpigenum ,southern alpine buckwheat,
Eriophyllum lanatum var. hallii ,Fort Tejon woolly sunflower,
Fissidens pauperculus ,minute pocket moss,
Fritillaria falcata ,talus fritillary, 
Fritillaria liliacea ,fragrant fritillary,
Fritillaria ojaiensis ,Ojai fritillary, 
Fritillaria viridea ,San Benito fritillary,  
Galium californicum ssp. luciense ,Cone Peak bedstraw, 
Galium clementis ,Santa Lucia bedstraw,
Galium hardhamiae ,Hardham's bedstraw,
Heuchera abramsii ,Abrams' alumroot, 
Heuchera caespitosa ,urn-flowered alumroot,
Horkelia cuneata ssp. puberula ,mesa horkelia, 
Horkelia cuneata ssp. sericea ,Kellogg's horkelia,
Horkelia yadonii ,Santa Lucia horkelia,
Hulsea vestita ssp. gabrielensis ,San Gabriel Mountains hulsea,
Imperata brevifolia ,California satintail, 
Juncus luciensis ,Santa Lucia dwarf rush,
Layia heterotricha ,pale-yellow layia,
Layia jonesii ,Jones' layia,
Lepechinia rossii ,Ross' pitcher sage,
Lonicera subspicata var. subspicata ,Santa Barbara honeysuckle,
Lupinus ludovicianus ,San Luis Obispo County lupine, 
Malacothamnus palmeri  var. involucratus ,Carmel Valley bush-mallow,
Malacothamnus palmeri var. lucianus ,Arroyo Seco bush-mallow, 
Malacothamnus palmeri var. palmeri ,Santa Lucia bush-mallow,
Malacothrix saxatilis var. arachnoidea ,Carmel Valley malocothrix, 
Mielichhoferia shevockii ,Shevock's copper moss,
Monardella linoides ssp. oblonga ,Tehachapi monardella, 
Monardella palmeri ,Palmer's monardella,
Navarretia ojaiensis ,Ojai navarretia,
Navarretia peninsularis ,Baja navarretia,
Nemacladus secundiflorus var. robbinsii ,Robbins' nemacladus,
Nolina cismontana ,chaparral nolina, 
Orobanche valida ssp. valida ,Rock Creek broomrape,
Orthotrichum kellmanii ,Kellman's bristle moss,
Pedicularis dudleyi ,Dudley's lousewort,
Pentachaeta exilis ssp. aeolica ,San Benito pentachaeta, 
Plagiobothrys uncinatus ,hooked popcornflower,
Quercus dumosa ,Nuttall's scrub oak, 
Sanicula maritima ,adobe sanicle,
Sidalcea hickmanii ssp. anomala ,Cuesta Pass checkerbloom,
Sidalcea hickmanii ssp. hickmanii ,Hickman's checkerbloom,
Sidalcea hickmanii ssp. parishii ,Parish's checkerbloom,
Sidalcea neomexicana ,Salt Spring checkerbloom,
Sidotheca caryophylloides ,chickweed oxytheca, 
Streptanthus albidus ssp. peramoenus ,most beautiful jewel-flower,
Streptanthus campestris ,southern jewel-flower,
Stylocline masonii ,Mason's neststraw,
Symphyotrichum defoliatum ,San Bernardino aster,
Thelypteris puberula var. sonorensis ,Sonoran maiden fern,
Thermopsis macrophylla ,Santa Ynez false lupine,
Triquetrella californica ,coastal triquetrella,
Triteleia ixioides ssp. cookii ,Cook's triteelia,
Tropidocarpum capparideum ,caper-fruited tropidocarpum,
